{
  "title": "Sobre a Charme de Mulher",
  "meta_title": "Sobre a Cristiane Resende",
  "meta_description": "Sobre a Cristiane Resende",
  "body": "<!--StartFragment-->\n\n### Sobre Nós\n\n**A Charme de Mulher** é uma marca que, desde 2007, se dedica a realçar a elegância e a fé da mulher cristã através da moda evangélica. Nosso compromisso é oferecer uma seleção exclusiva de peças que combinam sofisticação e modéstia, celebrando a feminilidade e o estilo sem comprometer os valores religiosos.\n\nDesde a nossa fundação, temos nos empenhado em criar roupas que não apenas atendam às necessidades do vestuário cristão, mas que também inspirem confiança e admiração. Cada peça é cuidadosamente projetada para refletir a essência e a devoção da mulher cristã, permitindo que ela se vista com dignidade e beleza.\n\n**Nossa Missão:** Nossa missão é proporcionar às nossas clientes roupas de alta qualidade que representam a tradição e os valores cristãos. Acreditamos que é possível estar na moda e, ao mesmo tempo, manter a fé e os princípios intactos. Por isso, investimos em materiais de primeira linha e em um design que une elegância e recato.\n\n**Nossa Visão:** Ser reconhecida como a principal marca de moda evangélica no Brasil, destacando-se pela excelência, inovação e respeito aos valores cristãos. Queremos ser a escolha número um para as mulheres que buscam um guarda-roupa que reflete sua fé e personalidade.\n\n**Nossos Valores:**\n\n* **Qualidade:** Cada peça é produzida com os mais altos padrões de qualidade, garantindo durabilidade e conforto.\n* **Tradição:** Respeitamos e honramos os valores cristãos em todas as nossas criações.\n* **Elegância:** Oferecemos peças que permitem às mulheres expressarem sua feminilidade com classe e decoro.\n* **Confiança:** Nossa marca é sinônimo de confiança, construindo relacionamentos duradouros com nossas clientes através da transparência e do compromisso.\n\nEscolher a **Charme de Mulher** é optar por um visual que inspira e transforma. Convidamos você a explorar nossa coleção e descobrir roupas que não só embelezam, mas também refletem sua essência e devoção. Aqui, onde a moda encontra a fé, cada peça é uma expressão da beleza interior e exterior da mulher cristã.\n\n<!--EndFragment-->",
  "sections": [
    {
      "type": "page-title"
    },
    {
      "type": "extra-page",
      "enabled": true
    },
    {
      "type": "collection-shelf",
      "shuffle": true,
      "title": "QUE TAL COMPRAR O SEU CR HOJE?"
    }
  ]
}