{
  "marketing_stripe": {
    "text": "",
    "link": ""
  },
  "contacts_stripe": {
    "pages": [
      {
        "title": "Seja uma Revendedora. Faça seu cadastro aqui",
        "link": "/pages/revendedor"
      }
    ],
    "phone_wpp": true,
    "socials": true
  },
  "categories_list": {
    "featured": [
      "/loja?LOJA",
      "/charme-de-mulher?Charme de Mulher",
      "/colecao-florescer?Coleção Florescer"
    ],
    "random": 0,
    "full_width": false
  },
  "search_input": true,
  "desktop_megamenu": false
}