{
  "meta_title": "Moda Feminina Atacado e Varejo - Charme de Mulher ",
  "meta_description": "",
  "sections": [
    {
      "type": "banner-slider",
      "autoplay": 5000,
      "slides": [
        {
          "start": "2023-11-10T19:16:56.105Z",
          "end": "",
          "mobile_img": "/img/uploads/banner-1-mobile.png",
          "img": "/img/uploads/banner-1-desktop-1-min.jpg",
          "link": "https://charmedemulher.com.br/colecao-encantar"
        },
        {
          "start": "",
          "end": "",
          "img": "/img/uploads/banner-2-desktop-1-min.jpg",
          "mobile_img": "/img/uploads/banner-2-mobile.png"
        }
      ],
      "full_width": true
    },
    {
      "type": "info-bar",
      "enabled": false
    },
    {
      "type": "collection-shelf",
      "shuffle": true,
      "title": "Últimos Lançamentos",
      "sort": "news",
      "collection_id": null
    },
    {
      "type": "collection-shelf",
      "shuffle": false,
      "limit": 12,
      "page": 1,
      "sort": "sales",
      "title": "Os mais vendidos da nossa loja"
    }
  ]
}